;skip;suspend;sick;smashed;party;drunk;chances;race;speed;punch;tough;gun;seams;deal;happy;gender;age;class;language
1;1;0;0;1;1;1;0;1;1;1;1;1;1;1;1;w;<15;8;other
2;0;0;0;0;0;0;0;0;0;0;0;0;0;0;0;w;>15;8;german
3;0;0;0;0;0;0;0;0;0;0;1;1;1;1;1;w;<15;8;other
4;0;0;0;0;0;0;0;1;1;1;1;1;1;1;1;w;<15;8;other
5;0;0;0;0;1;0;0;0;0;0;0;0;0;1;1;w;>15;5;german
6;0;0;0;0;0;0;0;0;1;1;0;1;1;1;1;w;<15;5;german
7;0;0;0;0;0;0;1;0;0;1;0;1;0;0;1;w;>15;5;other
8;0;0;0;0;0;0;0;0;0;1;1;1;0;1;0;w;>15;7;german
9;0;0;0;0;1;0;0;1;0;1;0;0;1;1;1;w;<15;5;other
10;0;0;0;1;1;0;1;1;1;1;1;1;1;1;1;m;<15;7;other
11;0;0;0;0;1;0;1;0;0;1;1;0;1;1;1;w;<15;7;german
12;0;0;0;0;0;0;0;0;0;1;0;0;1;0;1;m;>15;8;german
13;0;0;0;0;0;0;0;1;0;0;0;0;0;1;1;w;<15;5;other
14;1;0;0;1;1;0;1;0;1;1;1;1;1;1;1;m;>15;8;other
15;1;1;0;0;1;1;0;1;1;1;1;1;1;1;1;w;<15;5;other
16;0;0;0;0;0;0;0;1;1;0;1;1;1;1;1;w;>15;8;other
17;0;0;0;0;0;0;0;1;1;1;1;0;1;1;1;m;<15;7;other
18;0;1;0;0;1;1;1;1;1;1;1;1;1;1;1;m;<15;8;other
19;0;0;0;0;0;0;0;0;0;1;1;1;0;1;1;m;>15;7;german
20;0;0;0;0;0;1;1;1;1;1;1;1;1;0;0;m;<15;8;other
21;0;0;0;0;0;0;0;0;1;0;1;0;1;1;1;m;<15;5;other
22;0;1;0;1;0;0;1;1;1;1;1;0;1;1;1;w;>15;7;other
23;0;0;0;1;1;1;0;1;1;1;0;1;1;1;1;w;>15;7;other
24;0;0;0;0;0;1;0;0;0;1;1;1;1;0;1;m;<15;7;german
25;0;0;0;0;0;0;1;0;0;1;0;0;1;1;1;m;>15;8;other
26;0;0;1;1;1;0;1;1;1;1;1;1;1;0;1;w;<15;7;german
27;0;0;0;0;0;0;0;0;0;0;0;0;1;1;1;w;<15;7;german
28;0;0;0;0;1;0;0;0;1;0;1;1;0;1;1;w;<15;5;german
29;0;0;0;0;0;1;1;1;1;0;0;0;1;1;1;m;>15;7;german
30;0;0;0;0;0;0;0;0;1;0;0;1;0;1;1;m;<15;8;other
31;0;0;0;0;0;0;0;0;0;1;1;0;1;1;1;m;>15;8;german
32;0;0;0;0;0;0;0;0;0;0;1;0;0;0;0;w;<15;7;other
33;0;0;0;0;0;1;1;0;0;0;1;1;1;1;1;w;<15;5;german
34;0;1;0;0;0;1;0;1;1;1;1;1;1;1;0;m;>15;8;german
35;0;0;0;0;0;0;1;1;0;0;1;1;1;1;1;w;<15;5;other
36;0;0;0;0;0;0;0;0;0;0;1;0;1;1;1;m;<15;7;german
37;0;1;1;1;1;1;1;1;1;1;1;1;1;1;1;w;>15;5;other
38;0;0;1;0;0;0;0;0;1;0;1;1;1;1;1;w;<15;5;german
39;0;0;0;0;0;0;0;0;0;0;0;1;1;0;1;m;<15;7;german
40;0;0;0;0;0;0;1;0;0;1;1;1;1;1;1;m;>15;7;other
41;0;1;0;0;0;1;1;1;1;1;0;1;1;1;1;m;>15;7;other
42;0;0;0;0;0;0;0;0;0;0;0;0;1;1;1;w;>15;7;other
43;0;0;1;0;0;0;1;1;1;1;1;1;1;1;1;m;>15;5;german
44;0;0;0;0;0;0;0;0;0;0;1;1;1;0;0;m;>15;7;other
45;0;0;0;1;0;0;0;0;1;1;1;1;1;1;1;w;<15;5;german
46;0;0;1;1;1;1;1;1;1;1;1;1;1;1;1;w;<15;7;other
47;0;0;0;0;0;0;0;1;1;1;1;1;0;1;1;m;<15;8;other
48;0;0;0;0;0;0;1;1;1;1;0;1;1;1;1;m;>15;7;other
49;0;0;0;0;1;0;1;0;1;1;1;1;1;1;1;m;<15;5;other
50;1;1;1;1;1;1;1;1;1;1;1;1;1;1;1;m;<15;7;other
51;1;1;1;1;1;0;1;1;1;1;1;1;1;1;1;m;>15;8;german
52;0;1;0;0;1;1;1;1;1;1;1;1;1;1;1;w;<15;5;other
53;0;0;0;0;0;0;0;0;1;0;0;1;1;1;0;w;<15;7;german
54;0;0;0;0;0;0;0;0;1;0;1;1;1;1;1;w;>15;7;other
55;0;0;0;0;0;0;0;0;0;0;1;0;0;1;1;m;>15;8;other
56;0;0;0;0;0;0;1;0;0;0;1;1;1;1;1;w;>15;8;german
57;0;0;0;0;0;0;0;0;0;1;0;0;0;0;1;m;<15;7;other
58;0;0;0;0;0;0;0;0;1;1;1;1;1;1;1;w;>15;7;other
59;0;0;1;0;1;1;1;1;1;1;1;1;1;1;1;w;>15;8;other
60;0;0;0;0;0;0;0;0;1;1;1;1;0;1;1;w;<15;5;german
61;0;0;0;0;0;0;0;0;0;0;0;0;0;0;0;w;<15;8;other
62;0;0;0;0;0;0;1;0;0;1;1;0;1;1;0;w;>15;5;german
63;0;0;0;0;0;0;0;1;1;1;1;1;1;1;1;w;<15;7;german
64;0;0;0;0;0;1;1;0;1;1;1;1;1;1;1;w;>15;8;german
65;0;0;0;0;0;0;0;1;0;0;0;1;1;1;1;m;>15;7;other
66;0;0;0;0;0;0;0;0;1;0;1;0;1;1;1;m;>15;5;german
67;0;0;0;1;0;1;0;0;0;1;0;0;1;1;1;w;>15;8;german
68;0;0;0;0;0;0;0;0;0;0;0;1;1;0;0;w;>15;7;other
69;0;1;0;1;1;1;1;1;1;1;1;1;1;1;1;w;>15;8;german
70;0;0;0;0;0;0;0;1;0;1;1;0;1;1;1;m;>15;5;german
71;0;0;1;1;0;1;1;1;1;1;1;1;1;1;1;w;<15;8;german
72;0;0;0;0;0;0;1;0;0;0;1;1;1;1;1;w;<15;5;other
73;0;0;0;0;0;0;0;0;0;0;1;1;1;0;1;m;<15;5;other
74;0;0;0;0;0;0;0;1;1;1;0;0;1;1;1;m;>15;8;german
75;0;0;0;0;0;0;0;0;1;0;0;0;1;1;1;m;>15;5;other
76;0;0;0;0;0;1;0;0;0;0;1;1;1;1;1;m;<15;7;other
77;0;0;1;0;0;1;0;1;0;1;1;1;1;1;1;w;<15;7;other
78;0;0;0;0;0;0;0;0;0;0;0;0;0;1;1;w;>15;8;german
79;0;0;0;0;0;0;0;0;0;0;0;0;0;0;1;m;>15;8;other
80;0;0;0;0;0;0;0;0;0;0;0;1;0;0;1;m;<15;8;german
81;1;1;1;1;1;1;1;1;1;1;1;1;1;1;1;m;<15;8;german
82;0;0;0;0;0;0;0;0;0;0;1;1;1;1;1;m;<15;8;other
83;0;0;1;0;0;0;1;0;0;1;1;1;1;1;1;w;<15;5;other
84;0;0;0;0;0;0;0;0;0;0;0;0;0;1;0;m;<15;5;german
85;1;0;1;1;1;1;1;1;1;1;1;1;1;1;1;m;<15;8;other
86;0;0;0;0;0;0;0;0;0;0;0;0;0;1;1;w;<15;5;german
87;0;0;0;0;1;1;1;0;0;1;1;1;1;1;1;m;>15;5;other
88;1;0;0;0;0;0;0;0;0;0;0;1;1;1;1;w;>15;7;german
89;0;0;0;0;0;0;0;0;1;0;0;0;0;0;0;w;<15;8;german
90;0;0;0;0;1;1;1;1;1;0;1;1;1;1;1;m;>15;5;german
91;0;0;0;0;0;1;1;1;0;1;1;1;1;1;1;w;>15;8;german
92;0;1;1;1;1;1;1;1;1;1;1;1;1;1;1;w;<15;5;german
93;0;0;0;0;0;0;1;1;0;0;1;0;1;1;1;w;>15;8;other
94;0;0;0;0;0;0;0;0;1;0;1;1;0;1;1;m;>15;5;other
95;1;0;1;0;1;1;1;1;1;1;1;1;1;1;1;m;>15;7;other
96;1;1;0;1;1;1;1;1;1;1;1;1;1;1;1;w;>15;7;other
97;0;0;0;0;0;0;1;1;0;1;1;1;1;1;1;w;<15;8;other
98;0;0;0;0;0;0;1;0;0;0;1;0;1;1;1;w;>15;5;german
99;0;0;0;1;1;0;1;1;1;1;1;1;1;1;1;w;>15;5;german
100;0;0;0;0;0;1;1;1;1;1;1;0;1;1;1;w;<15;7;other
101;0;0;0;0;0;0;0;0;0;0;1;0;0;0;0;m;<15;8;other
102;0;1;1;1;1;1;1;1;1;1;1;1;1;1;1;m;>15;8;german
103;0;0;0;0;0;0;0;0;0;0;0;0;0;0;0;m;<15;8;german
104;0;0;0;0;0;0;0;0;1;0;0;1;1;1;0;m;<15;7;german
105;0;1;1;0;1;1;1;1;1;1;1;1;1;1;1;w;>15;7;other
106;0;0;1;0;0;0;1;0;0;0;1;0;1;0;1;w;<15;8;german
107;0;0;0;1;0;0;1;0;0;0;1;1;1;1;1;m;>15;7;german
108;1;1;0;0;1;0;1;1;1;1;1;1;1;0;1;w;<15;7;other
109;0;0;0;1;0;0;1;1;0;1;1;1;1;1;1;w;>15;8;german
110;0;0;1;1;0;0;0;1;0;0;1;1;1;1;1;m;<15;5;other
111;0;0;0;0;0;0;0;0;0;1;0;0;1;1;1;w;>15;8;german
112;0;1;0;1;0;0;0;1;1;0;1;1;1;1;1;w;>15;5;other
113;0;0;0;0;0;1;0;0;0;0;0;1;0;1;1;m;<15;5;other
114;0;0;0;0;0;1;0;1;1;1;0;1;1;1;1;m;>15;7;other
115;0;0;0;0;1;0;1;1;0;1;1;1;1;1;1;m;<15;8;other
116;0;0;0;0;0;0;0;0;0;0;0;0;0;0;0;w;<15;5;german
117;0;0;0;0;0;0;0;0;0;1;1;1;1;1;1;m;<15;8;german
118;0;0;0;0;0;1;1;0;0;0;1;0;1;0;1;w;<15;8;other
119;0;0;0;0;0;0;0;0;1;0;1;1;1;1;1;m;>15;5;other
120;0;0;0;0;0;0;0;0;0;1;0;1;0;0;1;w;>15;8;other
121;0;0;0;0;1;0;1;1;1;1;1;1;1;1;1;m;>15;5;german
122;1;0;0;0;1;1;1;1;1;1;1;1;1;1;0;w;<15;8;other
123;0;0;0;0;0;0;0;0;1;1;1;1;1;1;1;w;>15;8;german
124;0;0;0;0;0;0;0;0;0;1;1;0;1;1;1;m;>15;7;other
125;0;0;0;0;0;0;0;1;1;1;1;1;1;1;1;w;<15;8;german
126;0;0;0;0;0;0;1;1;1;0;1;1;1;1;1;w;>15;5;other
127;0;1;0;0;1;1;1;1;1;1;1;1;1;1;1;m;>15;8;other
128;0;0;1;0;1;1;0;0;1;1;0;1;1;1;1;m;>15;5;other
129;0;0;0;0;0;1;1;1;0;1;0;0;1;1;1;m;>15;7;german
130;0;0;0;0;1;0;1;0;1;0;1;1;1;1;1;m;>15;5;other
131;0;0;1;1;0;0;1;0;0;1;0;1;1;1;1;w;>15;5;other
132;0;0;0;0;0;0;0;0;0;0;0;0;0;0;1;w;>15;7;other
133;0;0;0;0;0;0;0;0;0;0;0;0;1;1;0;m;<15;7;german
134;0;0;0;1;1;0;1;1;0;1;1;0;1;1;1;m;>15;8;german
135;0;0;0;0;0;1;0;1;1;1;0;1;1;1;1;w;<15;7;german
136;0;0;0;0;1;1;1;1;0;1;1;0;1;1;1;w;>15;7;other
137;0;0;0;0;1;0;0;0;0;1;1;0;0;1;1;w;<15;8;german
138;0;0;0;0;0;1;1;1;1;1;1;1;1;1;1;w;<15;7;other
139;0;0;1;0;1;1;1;1;0;1;1;1;1;1;1;m;<15;7;german
140;0;0;1;0;0;1;0;0;0;0;0;1;1;1;1;m;>15;5;german
141;0;0;0;0;0;0;0;1;1;0;0;0;1;1;1;m;>15;5;other
142;0;0;1;0;1;1;0;1;1;1;1;1;0;1;1;m;<15;8;german
143;0;0;0;0;0;0;0;1;1;1;0;1;1;1;1;w;<15;8;german
144;0;0;0;0;1;0;0;0;0;0;1;1;1;1;1;m;>15;7;other
145;0;0;0;0;0;0;1;0;0;1;1;0;0;1;1;w;>15;8;german
146;0;0;0;0;0;1;0;0;0;0;0;1;1;1;1;w;>15;5;german
147;0;0;0;0;0;0;1;0;1;1;1;1;1;1;1;m;<15;5;other
148;0;0;0;0;0;0;0;0;1;1;1;1;1;1;1;m;>15;5;other
149;0;0;0;1;1;1;0;1;0;1;1;1;1;1;1;m;<15;5;german
150;0;0;0;0;0;0;0;0;0;0;0;0;0;1;1;w;>15;8;german
151;0;0;0;0;0;1;0;1;0;0;0;1;1;1;1;m;>15;7;german
152;0;0;0;0;0;0;0;0;1;1;1;1;1;1;0;m;<15;7;other
153;0;0;0;0;1;0;1;0;0;1;0;1;1;0;1;m;>15;5;other
154;0;0;0;0;0;1;1;1;1;1;1;1;1;1;1;w;<15;7;german
155;0;0;0;0;0;0;0;1;1;1;1;1;1;0;1;m;<15;7;other
156;0;0;0;0;0;0;0;0;1;1;1;1;1;1;1;m;>15;8;other
157;0;0;0;1;0;0;1;1;1;1;1;1;1;1;1;m;>15;8;german
158;0;0;1;0;0;1;1;1;1;1;1;1;1;1;1;w;<15;5;german
159;0;1;0;0;1;0;0;1;1;1;1;1;1;1;1;w;>15;5;other
160;1;0;0;1;0;0;1;1;1;1;1;1;1;1;1;m;<15;8;german
161;0;0;0;0;1;0;0;1;1;1;1;1;1;0;1;w;<15;8;other
162;0;0;0;0;0;0;0;0;0;1;1;1;0;1;1;m;>15;8;other
163;0;0;0;0;0;0;0;0;0;0;1;0;1;0;0;w;>15;8;other
164;0;0;1;0;1;1;1;1;1;1;1;1;1;1;1;w;<15;5;other
165;0;0;0;0;0;0;0;0;0;0;0;0;1;1;0;m;>15;5;other
166;1;1;0;1;1;1;1;1;1;1;1;1;1;1;1;m;>15;8;german
167;1;0;0;0;0;0;0;0;0;1;1;1;0;1;0;w;<15;5;other
168;0;0;0;1;0;0;0;0;1;1;0;0;0;1;1;w;<15;7;other
169;0;1;0;0;0;1;1;1;1;1;1;1;1;1;1;w;>15;5;german
170;1;0;0;0;0;0;1;0;1;0;0;1;0;1;1;w;>15;7;german
171;0;0;0;0;0;0;0;0;0;0;0;1;1;0;1;w;>15;8;other
172;0;0;0;0;0;0;0;0;0;0;0;0;1;0;1;w;>15;5;german
173;0;0;1;0;1;1;1;1;1;1;1;1;1;1;1;m;<15;8;german
174;0;0;0;0;0;0;0;0;0;1;0;0;0;0;0;m;<15;5;other
175;0;0;0;0;0;1;0;1;1;1;0;1;1;1;1;m;>15;5;other
176;0;0;0;0;1;0;0;1;0;1;1;1;1;0;1;w;<15;7;german
177;0;0;0;0;0;1;1;0;0;1;0;1;1;1;1;m;>15;7;other
178;0;0;0;0;1;0;0;1;1;1;1;1;1;1;1;m;>15;5;german
179;0;0;0;0;1;1;0;1;1;1;1;1;1;1;1;m;<15;5;german
180;0;0;0;0;0;0;0;1;1;1;1;1;1;1;1;w;>15;7;german
181;0;0;0;0;0;0;1;1;1;1;1;1;1;1;0;m;<15;5;german
182;0;0;1;0;0;1;1;1;1;1;1;1;1;1;1;w;>15;8;german
183;0;0;0;0;0;1;1;1;0;1;1;1;1;1;1;m;<15;5;german
184;0;0;0;0;0;0;0;0;0;0;0;0;0;0;0;m;<15;7;other
185;0;0;0;0;0;0;0;0;0;0;1;1;0;1;0;w;>15;7;other
186;0;0;0;0;1;1;1;1;1;1;1;1;1;1;1;m;>15;5;other
187;0;0;0;0;0;0;0;1;1;0;1;1;1;1;1;m;>15;5;other
188;1;0;1;0;0;1;0;1;1;1;1;1;1;1;1;w;>15;5;other
189;0;0;0;1;0;0;1;0;0;1;1;1;1;0;1;w;<15;8;german
190;0;0;1;0;0;0;1;1;1;1;1;1;0;1;1;w;<15;7;other
191;0;0;0;0;0;0;0;0;1;0;0;0;1;1;1;w;<15;8;german
192;0;0;0;0;0;0;0;1;1;1;1;1;1;1;1;m;>15;7;german
193;1;0;1;1;1;1;1;0;1;1;1;1;1;1;1;m;<15;5;other
194;0;0;0;0;0;0;0;0;0;0;1;0;1;1;0;w;<15;5;german
195;0;0;0;0;0;0;1;0;1;1;0;0;0;0;1;m;<15;5;german
196;0;0;0;0;0;0;0;0;0;0;1;0;1;1;1;w;>15;8;other
197;1;0;0;0;0;1;0;0;1;1;0;0;1;1;1;w;<15;8;other
198;0;0;1;0;0;0;0;0;1;1;1;1;1;1;1;w;>15;7;other
199;0;0;0;0;0;0;0;0;0;0;0;0;0;0;0;w;>15;7;german
200;0;0;0;1;0;0;0;1;0;0;1;1;0;1;1;m;<15;8;german
201;0;0;0;0;1;0;1;1;0;0;0;1;1;1;1;m;<15;5;german
202;0;0;0;0;0;0;0;0;0;0;0;1;1;1;1;m;>15;7;german
203;0;0;0;0;0;0;0;0;0;0;0;0;0;1;1;w;<15;7;german
204;0;0;0;1;1;0;1;1;1;1;0;1;1;1;1;m;<15;7;german
205;0;1;0;1;0;1;1;1;0;1;1;1;1;1;1;w;>15;8;german
206;0;1;1;1;1;1;1;1;1;1;1;1;1;1;1;m;>15;7;german
207;0;0;0;1;0;0;1;0;1;1;1;1;1;1;1;m;<15;8;other
208;0;1;0;0;1;1;1;0;1;1;1;1;1;1;1;m;>15;7;german
209;0;0;0;0;0;0;0;0;0;0;1;1;0;1;1;m;<15;5;other
210;0;1;1;1;1;1;1;1;1;1;1;1;1;1;1;m;<15;5;other
211;0;0;0;0;0;0;0;0;0;0;1;1;0;0;1;m;<15;5;german
212;0;1;0;1;1;1;1;1;1;1;1;1;1;1;0;w;<15;7;german
213;0;0;0;0;0;1;1;1;0;1;1;1;1;1;1;m;<15;5;german
214;0;0;0;0;0;0;0;0;1;1;0;0;1;1;1;m;>15;8;other
215;0;0;0;0;0;0;0;0;0;0;0;1;1;1;1;w;<15;7;german
216;0;0;0;0;0;0;1;1;1;0;1;1;1;1;1;w;>15;5;other
217;0;0;0;0;0;0;0;0;0;0;1;1;0;1;1;w;>15;7;other
218;0;0;0;0;0;0;1;1;0;1;1;1;1;0;1;w;<15;7;german
219;0;0;0;0;0;0;0;0;0;0;0;0;1;0;1;w;>15;5;german
220;0;1;1;1;1;1;1;1;1;1;1;1;1;1;1;m;>15;5;other
221;0;0;0;0;0;0;0;0;0;0;1;0;1;1;1;w;<15;8;other
222;0;1;0;0;1;1;1;1;1;1;1;1;1;1;1;w;<15;8;german
223;0;0;1;0;0;0;0;0;1;1;0;1;1;1;1;m;>15;8;german
224;0;0;0;0;0;1;1;1;1;1;1;1;1;1;1;w;<15;5;german
225;0;1;1;1;1;1;1;1;1;1;1;1;1;1;1;m;>15;7;german
226;0;0;0;0;0;0;0;0;1;1;1;0;1;1;1;m;>15;7;other
227;0;0;0;0;0;0;0;0;1;1;0;1;1;1;1;m;>15;8;other
228;0;1;0;1;0;0;1;1;1;1;1;1;1;1;1;m;<15;8;other
229;0;1;0;1;1;0;1;1;1;0;0;1;1;1;1;w;<15;5;other
230;0;0;0;0;0;1;1;0;0;0;0;0;1;1;1;w;>15;7;german
231;0;0;0;0;0;0;0;1;1;1;1;1;1;0;1;m;>15;5;german
232;0;1;1;1;0;1;0;1;1;1;1;1;1;1;1;w;>15;8;other
233;0;0;0;0;0;1;1;1;0;1;1;1;0;1;1;w;<15;8;german
234;0;0;0;0;0;0;1;0;1;0;1;0;1;1;1;w;<15;5;other
235;0;0;0;0;0;0;0;0;0;1;1;1;1;1;1;m;<15;5;other
236;0;0;0;0;0;0;0;0;1;0;0;1;1;1;1;m;>15;5;german
237;1;0;0;1;0;1;1;1;1;1;1;1;1;1;1;w;>15;8;other
238;0;0;0;0;0;0;0;0;0;0;1;0;0;1;1;w;<15;7;german
239;0;1;0;1;1;0;1;1;1;1;1;1;1;1;1;m;>15;5;german
240;0;0;0;0;1;0;1;0;0;1;1;1;1;1;1;m;>15;5;german
241;0;0;0;0;0;1;1;1;1;1;1;1;1;1;1;m;>15;8;german
242;0;0;1;1;0;1;0;1;1;1;1;1;1;1;1;w;>15;5;other
243;0;0;1;0;1;0;0;1;1;1;1;1;0;1;1;w;>15;5;german
244;1;0;0;0;0;0;1;1;1;1;1;1;1;1;1;m;<15;8;other
245;0;0;0;0;0;1;1;0;0;0;0;1;1;1;1;w;>15;7;other
246;0;0;1;0;0;1;0;1;1;0;1;1;0;1;1;m;>15;5;german
247;0;0;1;1;0;0;1;1;0;1;1;1;1;1;1;w;>15;5;other
248;1;0;0;0;1;0;0;1;1;0;1;1;0;1;1;m;>15;5;german
249;0;1;0;0;1;1;0;1;1;1;1;1;1;1;1;m;<15;7;german
250;0;0;0;0;0;0;1;0;1;0;1;1;1;1;1;w;>15;7;other
251;0;0;0;0;0;0;0;0;0;0;0;0;0;1;0;m;<15;5;other
252;0;0;0;0;0;0;0;0;0;0;0;1;1;0;0;m;>15;8;german
253;0;0;0;0;0;0;0;0;0;0;0;0;1;1;1;m;<15;7;other
254;0;0;0;0;0;0;0;1;0;1;0;0;0;0;1;m;>15;5;other
255;0;0;1;0;0;1;1;1;1;1;1;1;1;1;1;w;>15;7;german
256;0;0;0;0;0;0;1;0;0;1;1;0;0;1;1;w;>15;8;other
257;0;0;0;0;0;0;0;0;0;0;0;0;0;0;0;w;<15;7;other
258;0;0;0;0;0;0;0;0;0;1;0;1;1;1;1;m;>15;7;other
259;0;0;0;0;0;0;0;0;0;1;0;1;0;1;1;w;>15;7;german
260;0;0;0;0;0;0;0;0;0;1;0;0;0;1;0;w;<15;7;german
261;0;0;0;1;0;1;1;1;1;0;0;1;1;1;1;w;<15;5;other
262;0;0;1;0;0;1;0;0;1;1;1;0;1;1;1;m;<15;8;other
263;0;0;0;1;0;0;0;1;1;1;1;1;1;1;1;m;>15;7;other
264;0;1;0;1;1;1;0;1;1;1;1;1;1;1;1;w;<15;7;german
265;0;0;0;0;0;0;0;1;0;0;1;0;1;1;1;m;<15;8;other
266;0;0;0;0;0;0;0;0;0;0;0;0;1;1;0;m;>15;7;other
267;0;1;0;1;0;0;1;1;0;1;0;1;1;1;1;m;<15;5;german
268;0;0;1;1;0;1;0;1;0;1;1;1;1;1;1;w;>15;7;other
269;0;0;0;0;0;0;0;0;0;1;0;1;1;1;1;w;>15;5;other
270;0;0;1;0;0;1;1;0;1;1;1;1;1;1;1;w;<15;5;other
271;0;0;1;0;0;0;0;1;1;1;1;1;1;1;1;w;<15;8;other
272;1;1;1;1;1;1;0;1;1;1;1;1;1;1;1;m;<15;5;other
273;0;0;0;0;0;0;0;1;1;1;1;1;1;1;1;m;<15;7;german
274;1;1;0;1;0;0;1;1;0;1;1;1;1;1;1;m;>15;5;other
275;0;0;0;1;1;0;0;1;1;1;1;1;1;1;1;m;<15;5;german
276;1;1;1;1;1;1;1;1;0;1;1;1;1;1;1;w;>15;8;other
277;0;0;0;0;0;0;0;0;0;0;0;0;0;1;0;m;<15;7;other
278;0;0;0;0;0;0;0;1;0;1;1;1;1;1;1;w;>15;8;other
279;0;0;0;1;1;0;1;1;0;1;1;1;1;1;1;w;<15;8;other
280;0;0;1;1;1;0;1;0;1;1;1;1;1;1;1;w;>15;8;german
281;0;0;0;0;1;0;0;0;1;0;0;1;1;0;1;w;<15;7;german
282;0;0;0;0;0;0;0;0;0;0;1;0;1;0;1;w;>15;7;other
283;0;0;0;0;1;1;1;1;1;0;1;0;1;1;1;m;>15;8;other
284;0;0;0;0;0;1;0;1;0;1;1;1;1;1;1;w;<15;7;german
285;0;0;0;0;1;1;0;1;0;1;1;1;1;1;1;m;<15;7;other
286;0;0;1;1;0;1;0;0;0;1;1;1;1;1;1;m;<15;7;german
287;0;0;0;0;0;1;1;1;0;1;1;1;1;1;1;w;>15;8;other
288;0;0;1;0;1;1;1;0;1;1;1;1;1;1;1;w;<15;7;other
289;0;0;0;0;1;0;0;0;0;1;0;0;1;1;1;w;>15;5;other
290;0;0;0;0;0;0;1;0;0;1;1;0;1;1;0;w;>15;8;other
291;1;0;0;0;0;0;1;0;1;1;1;1;1;1;1;m;<15;5;german
292;0;0;0;0;0;0;0;0;0;0;1;0;0;1;1;m;>15;7;german
293;0;0;0;0;0;0;0;0;0;0;1;0;1;1;1;m;>15;5;german
294;0;0;0;0;0;0;0;0;0;1;0;0;1;1;1;m;<15;5;german
295;0;1;0;0;1;0;1;1;0;0;1;1;1;1;1;m;>15;7;other
296;0;0;0;0;0;0;0;0;1;1;1;0;0;1;1;w;>15;8;german
297;0;0;0;0;0;0;0;0;1;0;0;0;1;0;1;w;<15;5;german
298;0;0;0;0;0;0;0;0;0;0;0;0;0;0;0;m;>15;8;other
299;0;0;0;0;1;0;1;1;1;1;1;1;1;1;1;w;>15;5;other
300;0;0;0;0;0;0;1;1;0;1;1;1;1;1;1;w;>15;7;german
301;1;0;0;1;0;0;1;0;1;1;1;0;1;1;1;m;<15;5;german
302;0;0;0;0;0;0;0;0;0;0;1;1;0;0;0;m;<15;7;german
303;0;0;0;0;0;0;0;0;0;0;0;0;1;0;1;w;>15;8;other
304;0;0;0;0;0;0;0;0;0;0;1;0;0;1;0;m;<15;5;other
305;1;1;1;1;1;1;1;1;1;1;1;1;1;1;1;m;>15;5;german
306;0;0;0;0;0;0;0;0;1;1;0;0;1;0;1;w;>15;7;german
307;0;1;1;1;1;1;1;0;1;1;1;1;1;1;1;w;<15;8;german
308;0;0;0;0;0;1;0;1;1;0;1;1;1;1;1;w;<15;5;other
309;0;0;0;0;0;0;0;0;0;0;1;0;1;1;1;w;>15;5;other
310;0;0;0;0;0;0;0;0;0;0;0;1;1;0;0;m;<15;7;german
311;0;0;1;0;1;0;0;1;0;0;1;1;1;1;1;m;>15;7;other
312;1;0;0;0;0;0;0;1;1;0;0;1;0;1;1;m;<15;5;german
313;0;0;0;0;0;0;1;0;0;1;1;1;1;1;1;m;>15;7;german
314;1;1;1;0;0;0;1;1;0;1;1;1;1;1;1;m;<15;5;german
315;0;0;0;1;0;0;1;1;1;1;1;1;1;1;1;w;>15;5;other
316;0;0;0;1;0;0;0;0;1;0;1;1;1;0;1;m;<15;7;german
317;0;0;0;0;0;0;0;0;0;1;1;0;0;1;0;m;>15;7;german
318;0;0;0;1;0;1;1;1;1;1;1;1;1;1;1;w;<15;7;german
319;0;0;0;0;0;0;1;0;0;0;0;1;1;1;1;m;>15;8;other
320;0;1;1;1;1;1;1;1;1;1;1;1;1;1;1;w;>15;7;other
321;0;0;0;0;1;0;0;0;0;1;1;0;1;1;1;m;>15;5;other
322;0;0;0;0;0;0;0;0;1;0;1;1;0;1;0;m;>15;7;german
323;1;0;1;0;0;0;0;1;1;1;1;1;1;0;0;m;>15;7;other
324;0;0;0;0;0;1;0;0;0;1;0;1;0;1;1;w;<15;8;german
325;0;0;0;0;0;0;0;0;1;1;0;1;1;0;1;m;>15;7;german
326;0;1;0;0;0;0;1;0;0;1;1;1;1;1;1;w;<15;5;other
327;0;0;0;0;0;0;0;0;0;0;1;1;1;0;1;w;>15;5;other
328;0;0;0;0;0;0;1;1;1;1;1;1;1;1;1;m;>15;8;german
329;0;0;0;0;0;0;1;0;1;0;1;0;1;1;1;m;>15;5;other
330;0;0;0;0;0;0;0;0;0;0;0;0;0;0;1;m;<15;7;german
331;0;0;0;1;0;1;1;1;1;0;1;1;1;1;1;m;<15;7;german
332;0;0;1;0;1;0;1;1;1;1;1;0;1;1;1;w;>15;5;other
333;0;0;0;0;0;0;0;0;0;1;0;0;1;1;1;m;>15;8;german
334;0;0;0;0;1;0;1;1;1;1;0;1;1;1;1;w;<15;8;german
335;0;0;1;1;1;0;0;1;1;1;1;1;1;1;1;m;<15;7;other
336;0;0;0;0;0;0;0;0;1;1;1;1;1;1;1;m;>15;5;other
337;1;0;1;0;0;1;1;1;1;1;1;1;1;1;1;m;>15;5;other
338;0;0;0;0;0;0;1;0;1;1;1;1;1;1;1;w;>15;8;other
339;0;0;0;1;1;1;0;1;1;1;1;1;1;1;1;w;>15;8;other
340;0;0;0;0;1;0;0;0;1;0;1;1;1;1;0;m;<15;5;other
341;0;0;0;0;0;1;1;0;1;0;1;1;0;1;1;m;<15;5;german
342;0;0;0;0;0;0;0;0;1;0;0;1;0;1;1;m;>15;7;german
343;0;0;1;0;1;1;1;1;1;1;1;1;1;1;1;m;<15;5;other
344;0;0;0;1;1;0;0;1;1;1;1;1;1;1;1;w;<15;5;other
345;0;0;1;1;0;1;0;1;0;1;1;1;1;1;1;m;>15;7;german
346;1;0;0;0;1;1;1;1;1;1;1;1;1;1;1;w;<15;5;other
347;0;0;0;1;1;1;1;1;1;1;1;1;1;1;1;m;>15;8;other
348;0;0;0;0;1;0;1;1;0;1;1;1;1;1;1;m;>15;7;other
349;1;0;0;1;0;1;1;1;1;1;1;1;1;1;1;m;<15;8;german
350;0;0;1;0;0;1;0;0;1;0;1;0;1;1;1;w;<15;7;german
351;0;0;0;0;0;0;0;0;0;0;0;1;1;1;1;m;<15;5;german
352;0;0;0;0;0;0;0;0;1;1;0;1;1;1;1;m;>15;8;german
353;0;0;0;0;0;0;0;1;0;0;1;0;0;1;0;w;<15;5;german
354;0;0;0;1;0;0;0;0;0;1;1;1;1;1;1;w;<15;8;other
355;0;0;0;0;0;0;0;0;0;0;1;1;0;1;1;m;>15;8;other
356;0;0;1;0;1;0;1;0;1;1;0;1;1;1;1;w;>15;5;other
357;0;0;0;0;0;0;0;0;1;1;1;0;1;0;1;w;<15;8;other
358;0;0;1;1;1;0;1;1;1;1;1;1;1;1;1;w;<15;8;other
359;0;0;0;1;0;0;0;0;1;1;1;1;1;1;1;m;>15;8;other
360;0;0;0;0;0;0;0;0;0;0;0;0;1;1;1;w;<15;8;other
361;0;0;0;0;0;0;0;1;0;0;1;0;0;1;1;w;>15;7;german
362;0;0;0;1;0;1;0;1;1;1;1;1;1;1;1;m;<15;5;german
363;0;0;0;0;0;0;0;1;0;0;0;0;0;0;1;w;>15;8;german
364;0;0;0;0;0;0;0;0;1;1;0;1;1;1;1;w;<15;5;german
365;1;0;0;1;0;1;0;1;1;1;1;1;1;1;1;m;>15;8;german
366;0;0;0;0;0;0;0;0;0;0;0;0;0;1;1;w;<15;7;other
367;1;1;1;0;1;1;0;1;1;1;1;1;1;1;1;w;>15;8;other
368;0;0;0;0;0;0;1;1;1;0;0;1;1;1;1;w;>15;7;other
369;0;0;0;1;1;1;1;1;1;1;1;1;1;1;1;m;<15;5;other
370;0;0;0;0;0;1;0;0;0;0;1;1;1;1;1;w;<15;5;other
371;0;0;0;0;0;0;1;0;1;0;1;1;1;1;1;w;>15;5;german
372;0;0;0;1;0;0;0;1;1;1;1;1;1;1;1;m;<15;5;other
373;1;0;0;0;1;1;1;1;1;1;1;1;1;1;1;m;<15;5;other
374;0;0;0;0;1;0;0;0;0;0;1;1;1;1;1;w;<15;8;german
375;0;0;1;1;1;1;1;0;1;1;1;1;1;1;0;w;<15;8;german
376;0;0;0;0;0;0;0;0;0;1;0;1;1;1;1;m;<15;5;other
377;0;0;0;0;0;0;1;1;0;1;0;1;1;1;1;w;>15;7;other
378;0;0;0;0;0;0;0;0;0;0;0;1;1;1;0;m;<15;5;german
379;0;0;0;1;0;1;1;1;1;1;1;1;1;1;1;w;<15;8;other
380;0;0;0;0;0;0;0;0;0;0;0;1;0;0;0;w;<15;8;other
381;0;0;0;0;0;0;0;1;0;1;0;1;1;1;1;m;<15;8;german
382;0;0;0;0;0;0;1;0;0;0;1;1;1;1;1;w;>15;5;other
383;1;0;0;1;0;1;0;1;1;1;1;1;1;1;1;m;<15;7;german
384;0;1;1;0;1;1;1;1;1;1;1;1;1;1;1;m;>15;7;german
385;0;0;1;1;1;1;1;1;0;1;1;1;1;1;1;w;<15;5;german
386;0;0;0;0;1;0;0;1;1;0;1;1;1;1;1;w;>15;7;german
387;1;0;0;0;0;0;0;0;1;0;1;1;1;1;1;w;<15;7;other
388;1;0;0;1;1;0;1;0;0;0;1;1;1;1;1;w;>15;5;other
389;0;0;1;0;1;1;1;1;1;1;1;0;1;1;1;w;<15;5;german
390;0;0;0;0;0;0;0;0;0;0;0;0;0;0;0;w;>15;8;german
391;0;0;0;0;0;0;0;0;0;0;0;1;1;0;1;m;>15;8;german
392;0;0;0;0;0;0;0;1;1;0;0;0;1;1;1;w;<15;5;german
393;0;0;0;0;0;1;0;0;0;0;1;1;1;1;1;m;<15;5;other
394;0;0;0;0;0;0;0;0;0;0;1;1;1;1;1;m;<15;5;german
395;0;0;0;1;1;0;1;1;0;1;1;1;1;1;1;m;>15;7;other
396;0;0;0;0;0;0;0;0;0;0;1;0;1;0;0;w;<15;7;german
397;0;0;0;1;0;0;1;0;0;1;1;1;1;1;1;w;<15;8;german
398;0;0;0;0;1;0;0;0;0;0;1;1;1;0;1;m;>15;5;other
399;0;0;0;0;0;0;0;0;0;0;0;1;0;1;0;m;<15;7;other
400;0;0;0;0;1;0;0;1;1;1;0;1;1;0;1;w;<15;5;german
401;1;1;0;1;0;1;1;1;1;1;1;1;1;1;1;w;>15;8;other
402;0;0;0;0;0;0;1;0;0;0;1;0;1;1;1;m;>15;5;other
403;0;0;0;0;1;0;1;1;1;1;1;1;1;1;1;w;>15;7;german
404;0;0;1;0;0;0;1;0;1;0;0;1;1;1;1;w;>15;8;german
405;0;0;0;0;0;0;0;0;0;0;0;0;0;1;0;m;<15;8;german
406;0;0;0;1;0;0;1;1;1;1;1;1;1;1;1;w;<15;7;german
407;0;0;1;0;0;0;1;1;1;1;1;1;1;1;1;m;<15;5;german
408;0;0;0;0;0;0;0;0;0;0;0;0;0;0;1;m;<15;8;other
409;0;0;0;0;0;0;0;0;0;0;1;0;0;1;1;w;>15;5;other
410;0;0;0;0;0;0;0;0;0;0;0;1;0;0;0;w;>15;5;german
411;0;0;0;0;0;0;1;0;0;0;1;1;1;0;1;m;>15;8;other
412;0;0;0;0;0;0;1;0;0;0;0;1;0;0;1;w;<15;8;other
413;0;0;0;0;0;0;0;0;0;0;1;0;0;0;0;m;>15;8;german
414;0;0;0;0;0;0;0;0;1;0;1;0;0;1;1;m;<15;7;other
415;0;0;0;0;0;0;0;0;0;1;1;1;1;1;1;m;<15;7;other
416;0;0;0;0;1;0;0;1;0;1;1;1;1;1;1;m;<15;8;other
417;0;0;0;0;1;0;1;1;0;1;1;1;1;1;1;w;>15;5;german
418;0;0;0;0;0;0;0;0;0;0;1;0;1;0;0;w;>15;5;german
419;0;0;0;0;0;0;0;0;1;1;0;1;1;1;1;w;<15;7;german
420;0;0;0;0;0;1;1;0;0;1;1;1;1;1;1;w;<15;5;german
421;0;0;0;0;0;0;0;0;0;1;1;0;1;1;1;w;<15;5;german
422;0;0;0;0;0;0;0;1;0;0;1;1;0;1;0;m;>15;7;other
423;0;0;0;0;0;0;0;0;0;1;0;0;1;1;0;m;>15;5;german
424;0;0;0;1;1;1;1;1;1;1;0;1;1;1;0;m;>15;8;other
425;0;0;0;0;0;0;0;1;0;0;0;1;0;0;1;w;<15;5;other
426;0;0;0;0;0;0;0;0;1;1;1;1;1;0;1;w;<15;7;other
427;0;0;0;0;0;0;1;0;0;1;0;0;1;0;1;w;>15;8;german
428;1;0;0;0;0;1;1;0;0;1;1;1;1;1;1;m;<15;5;other
429;0;0;0;0;0;0;0;0;0;0;0;0;0;0;0;m;>15;5;german
430;0;0;1;0;1;1;1;1;1;1;1;0;0;1;1;w;>15;5;german
431;0;0;0;1;1;0;0;1;1;1;1;1;1;1;1;w;<15;5;german
432;0;0;0;1;1;1;1;1;1;1;1;1;1;1;1;w;>15;5;german
433;0;0;0;0;0;0;0;0;0;0;1;1;1;1;1;w;<15;7;german
434;0;0;0;0;0;0;0;1;0;0;0;1;1;0;1;w;<15;5;other
435;0;1;1;1;1;1;0;1;1;1;1;1;1;1;1;w;<15;8;german
436;0;0;0;0;0;0;1;0;0;0;0;0;0;1;0;m;>15;8;other
437;0;0;0;0;0;0;0;0;0;1;0;1;0;1;1;w;>15;7;other
438;0;0;0;0;1;0;1;1;0;1;1;1;1;1;1;m;<15;7;other
439;0;0;0;0;0;0;0;0;0;0;0;0;1;1;0;w;<15;7;other
440;0;0;0;0;0;0;1;0;1;0;1;0;1;1;0;w;>15;7;german
441;0;0;0;0;0;1;1;1;1;0;1;1;1;1;1;w;<15;5;other
442;0;0;0;1;0;0;0;1;0;1;1;1;1;1;1;m;<15;7;german
443;0;0;0;0;0;0;1;1;0;1;1;1;1;1;1;w;<15;5;german
444;0;0;0;0;1;0;0;0;1;0;0;0;0;0;1;w;>15;7;other
445;0;1;0;0;0;0;0;1;0;0;0;1;1;1;1;w;<15;5;other
446;0;1;0;0;0;0;1;1;0;1;1;1;1;1;1;m;>15;8;other
447;0;0;0;0;0;0;0;0;0;0;0;1;0;0;0;m;<15;8;other
448;0;0;0;0;0;0;1;0;0;0;1;1;1;1;1;m;<15;5;german
449;0;0;0;0;0;0;0;1;0;1;1;1;1;1;1;w;<15;8;german
450;1;1;1;1;1;1;1;1;1;1;1;1;1;1;1;w;>15;5;german
451;0;0;1;1;1;1;1;0;1;1;1;1;1;1;1;w;>15;8;other
452;0;1;0;0;0;0;1;0;0;0;0;1;1;1;1;m;<15;5;german
453;0;0;0;0;0;0;1;0;0;0;0;0;1;0;1;m;<15;7;german
454;0;0;0;0;1;0;1;1;1;1;1;1;1;1;1;m;<15;8;german
455;0;0;0;0;1;0;1;0;1;1;1;1;1;1;1;w;<15;8;german
456;1;1;0;0;0;1;1;1;1;1;1;1;1;1;1;m;<15;7;german
457;0;0;0;0;0;1;0;1;1;0;1;1;1;1;1;m;<15;8;other
458;0;0;1;0;0;0;0;0;0;1;1;1;1;1;1;w;<15;5;german
459;0;0;0;0;0;0;0;0;0;0;1;1;1;1;0;m;>15;7;german
460;0;0;0;0;0;1;0;1;1;1;1;1;1;1;1;m;>15;5;other
461;0;0;0;0;0;1;1;1;1;1;1;1;1;1;1;w;<15;8;german
462;0;0;0;0;0;0;1;1;0;0;0;0;1;1;1;w;>15;7;other
463;0;0;0;0;0;0;0;0;1;1;0;0;0;1;1;m;<15;8;other
464;0;0;0;1;0;1;0;1;1;1;1;1;1;1;1;m;<15;7;other
465;0;0;0;0;0;0;0;0;1;0;1;1;1;1;0;m;<15;8;other
466;0;0;0;1;0;0;0;0;1;0;1;1;1;1;1;w;>15;8;other
467;0;0;0;0;0;0;0;0;0;0;0;0;0;0;0;w;>15;8;other
468;0;0;0;0;0;0;0;0;0;1;0;0;1;1;0;m;>15;8;other
469;0;0;0;0;0;0;0;1;1;1;0;0;1;1;1;m;<15;5;other
470;0;1;0;0;0;0;0;0;1;1;1;1;1;1;1;m;>15;8;other
471;0;0;0;1;1;1;1;0;1;1;1;1;1;1;1;w;>15;5;german
472;0;0;1;1;1;1;0;0;0;1;1;1;1;1;1;w;>15;5;other
473;0;0;1;0;0;1;1;0;1;1;1;1;1;1;1;m;<15;5;german
474;0;0;0;0;0;0;0;0;1;1;1;1;1;1;1;w;>15;8;german
475;0;0;0;0;1;1;1;1;1;1;1;1;1;1;1;w;>15;5;german
476;0;0;0;0;0;0;0;0;0;0;0;0;1;1;1;m;<15;7;other
477;0;0;0;0;0;0;0;0;1;0;0;0;1;1;1;w;<15;7;other
478;0;0;0;1;1;1;1;0;1;1;1;1;1;1;1;w;<15;7;other
479;0;1;0;0;1;0;0;0;1;1;1;1;0;0;1;m;<15;8;other
480;1;0;1;0;1;1;1;0;1;1;1;1;1;0;1;m;>15;5;german
481;0;0;0;0;0;1;0;1;1;1;1;0;1;1;1;m;<15;5;german
482;0;0;0;0;0;0;0;0;0;0;0;0;1;0;1;w;>15;8;other
483;0;1;1;0;0;1;1;1;1;1;0;1;1;1;1;w;>15;8;other
484;0;0;0;0;0;0;0;0;0;0;0;1;0;1;1;m;<15;7;german
485;0;0;0;0;0;0;0;1;1;1;1;1;1;1;1;w;>15;5;other
486;0;0;0;0;0;0;0;0;0;0;0;0;0;0;0;m;<15;8;german
487;0;0;0;1;0;1;0;0;0;0;1;1;0;1;1;w;<15;7;german
488;0;0;0;0;0;0;0;0;1;0;0;0;1;1;1;w;>15;7;other
489;0;0;0;0;0;1;0;1;0;1;1;1;1;1;1;m;>15;7;german
490;0;0;0;0;0;0;0;0;1;0;0;1;1;1;1;w;>15;7;german
491;0;0;0;0;0;0;0;0;0;0;0;1;1;0;1;m;>15;7;german
492;1;0;1;1;1;1;0;1;1;1;1;1;1;1;1;w;<15;5;other
493;1;0;0;0;0;0;0;1;1;1;0;1;1;1;1;m;<15;7;german
494;0;1;1;0;1;1;1;1;1;1;1;1;1;1;1;m;<15;8;other
495;0;1;0;0;0;1;0;0;0;1;1;1;1;1;1;w;>15;8;other
496;0;0;0;0;0;0;0;0;1;0;1;1;0;1;1;m;>15;5;other
497;0;0;0;1;1;1;1;1;1;1;1;1;1;1;1;w;<15;7;german
498;0;0;0;0;0;0;1;1;1;1;1;0;1;1;1;m;>15;7;german
499;1;1;1;0;1;1;0;1;1;1;1;1;1;1;1;w;<15;5;german
500;0;0;0;0;0;0;0;1;0;0;1;1;0;1;1;m;>15;5;other
501;0;1;0;0;0;0;0;0;0;0;1;0;1;1;0;m;<15;8;other
502;1;0;0;1;0;0;1;0;1;1;0;1;1;1;1;w;>15;8;other
503;0;1;0;0;0;0;1;1;0;1;1;0;1;1;1;w;>15;5;german
504;0;0;0;0;0;0;0;1;0;1;1;1;1;0;1;w;>15;7;other
505;0;0;0;0;0;1;1;1;1;1;1;1;1;1;1;m;<15;8;other
506;0;0;0;0;0;0;0;0;1;1;1;1;1;1;1;m;>15;5;german
507;1;0;0;1;0;1;1;1;0;1;1;1;1;1;1;w;>15;7;german
508;0;0;0;0;0;0;0;0;0;1;0;1;0;1;1;m;<15;8;german
509;0;0;0;0;0;0;0;0;1;0;1;1;1;1;0;w;<15;8;german
510;0;0;0;0;0;0;1;0;0;1;0;1;0;1;0;w;>15;8;german
511;1;0;0;1;0;1;1;0;1;1;1;1;1;1;1;m;>15;5;other
512;0;0;0;0;0;0;0;0;1;1;1;1;1;1;1;w;<15;8;other
513;0;1;0;0;0;0;1;1;0;1;1;1;1;1;1;m;<15;5;other
514;0;0;0;0;0;1;0;0;0;1;1;0;1;1;1;w;>15;5;other
515;0;1;0;0;0;1;1;1;1;1;0;1;1;1;1;m;>15;7;german
516;0;0;0;0;0;0;0;0;0;0;0;0;0;1;0;w;<15;5;other
517;0;0;0;0;0;0;0;1;1;1;1;1;1;1;1;m;>15;5;german
518;0;0;0;0;1;0;0;1;1;1;1;1;1;1;1;w;>15;5;other
519;0;0;1;0;1;1;0;1;1;1;1;1;1;1;1;m;>15;7;other
520;0;0;0;1;0;0;1;1;0;1;1;1;1;1;1;m;<15;7;german
521;1;0;0;0;0;0;1;1;0;0;1;1;1;1;1;m;<15;7;other
522;0;0;0;1;0;0;1;1;0;0;1;0;0;1;1;m;<15;8;other
523;1;0;1;1;1;1;1;1;1;1;1;1;1;1;1;w;>15;5;other
524;0;0;0;0;0;0;0;1;0;1;0;1;0;1;1;w;>15;7;other
525;0;0;1;0;0;0;0;0;1;1;0;1;1;1;1;m;<15;7;other
526;0;0;0;0;0;0;1;0;0;1;1;1;1;1;1;w;>15;8;german
527;0;0;0;0;0;0;0;0;0;0;0;1;1;1;1;m;>15;8;german
528;0;0;0;0;0;0;1;1;1;0;0;1;1;1;1;m;>15;8;other
529;0;0;0;0;0;0;0;0;0;0;0;1;1;0;1;w;<15;5;other
530;0;0;0;0;0;0;0;0;0;0;0;0;0;1;1;m;>15;8;other
531;0;0;0;0;0;0;0;0;0;0;1;0;1;0;0;m;>15;5;german
532;0;1;1;1;1;1;1;1;1;1;1;1;1;1;1;w;<15;5;other
533;0;0;0;0;0;0;0;0;1;0;0;0;1;0;1;m;>15;8;other
534;0;0;0;0;0;0;0;0;0;1;1;1;1;1;1;m;>15;7;other
535;0;0;0;0;0;0;0;1;0;0;1;1;1;1;1;w;>15;8;german
536;0;0;0;0;1;1;0;0;0;0;1;1;1;1;1;w;<15;8;other
537;0;0;0;0;0;1;1;0;0;1;1;1;1;1;1;w;>15;7;other
538;0;0;0;0;1;1;1;1;1;1;1;1;1;1;1;m;>15;7;other
539;0;0;0;0;0;0;0;0;0;0;0;0;1;1;1;m;<15;5;german
540;0;0;0;1;0;1;1;1;1;1;1;1;0;1;1;m;>15;8;other
541;0;0;0;0;0;1;0;1;0;1;1;1;1;1;1;w;<15;8;german
542;0;0;0;0;0;1;1;0;1;1;1;1;1;1;1;w;>15;8;german
543;0;0;1;0;1;1;1;1;1;1;1;1;1;1;1;m;>15;7;other
544;0;0;1;1;1;1;1;1;1;1;1;1;1;1;1;m;>15;5;german
545;0;0;0;0;0;1;0;0;1;0;1;1;1;1;1;m;>15;5;german
546;0;0;0;0;0;0;0;0;0;0;1;1;0;1;1;w;<15;7;other
547;0;0;0;0;0;0;0;0;1;1;1;1;1;1;1;w;<15;8;other
548;0;1;1;1;0;1;1;0;1;1;1;1;1;1;1;m;>15;8;german
549;0;0;0;0;0;1;0;1;1;1;0;0;1;1;1;w;>15;7;german
550;0;0;0;0;1;1;1;0;1;1;1;1;1;1;1;w;<15;7;other
551;0;0;0;0;0;0;0;0;1;1;0;0;1;1;1;w;>15;7;german
552;0;0;0;0;1;0;0;0;1;0;1;1;1;1;1;m;>15;5;german
553;0;0;0;0;0;1;1;0;0;1;1;1;1;1;1;m;<15;8;other
554;0;0;0;0;1;0;1;1;1;1;1;1;1;0;1;w;<15;7;german
555;0;0;1;1;1;0;1;1;1;0;0;1;1;1;1;w;>15;7;german
556;0;0;1;0;1;1;1;1;1;0;1;1;1;1;1;w;<15;7;other
557;0;0;0;0;0;0;0;0;0;0;1;0;0;1;1;w;<15;7;other
558;1;1;1;1;1;1;1;1;1;1;1;1;1;1;1;w;>15;8;other
559;0;0;0;0;0;0;0;0;0;1;0;0;1;0;0;m;>15;5;other
560;0;0;0;0;0;1;1;1;1;0;0;1;0;1;1;w;<15;8;other
561;1;0;0;0;1;0;1;1;1;0;1;0;1;1;1;w;<15;5;other
562;0;0;0;0;1;0;0;0;0;1;0;1;1;1;1;m;>15;5;other
563;0;0;0;0;0;0;0;0;0;0;1;0;1;0;0;m;>15;5;german
564;0;0;0;0;0;0;0;0;1;0;1;1;1;1;1;m;<15;8;german
565;0;0;0;0;0;0;0;0;1;0;0;1;1;0;0;m;<15;5;german
566;0;0;1;0;1;1;0;1;1;1;1;1;1;1;1;w;<15;7;other
567;0;0;0;0;1;0;0;0;0;0;0;0;1;1;0;m;<15;7;other
568;0;0;0;0;0;0;0;0;0;0;0;1;1;0;1;w;<15;7;german
569;1;0;0;1;0;1;1;1;1;1;1;1;1;1;1;m;<15;8;german
570;0;0;1;1;0;0;0;1;1;1;1;0;1;1;1;m;<15;8;german
571;0;0;0;1;0;1;1;0;1;1;1;1;1;1;1;m;<15;5;german
572;0;1;0;0;0;0;1;0;0;1;1;1;1;1;1;w;<15;5;other
573;0;0;0;0;0;1;0;0;0;0;1;1;1;0;1;m;<15;8;other
574;0;0;0;0;0;0;0;0;0;0;1;1;0;1;1;m;>15;8;other
575;1;0;0;0;0;1;1;1;1;1;1;1;1;1;1;m;>15;8;german
576;0;0;0;0;1;1;0;0;0;1;1;0;1;1;1;m;<15;7;german
577;0;0;0;0;0;1;1;1;1;1;1;1;1;1;1;w;<15;5;german
578;0;0;0;0;0;0;0;0;0;0;0;0;0;1;1;m;>15;8;german
579;0;0;0;0;0;0;1;0;0;0;0;1;1;0;0;m;<15;7;german
580;0;0;0;0;0;0;1;0;0;0;0;0;1;1;1;m;>15;5;other
581;0;0;0;0;0;0;0;0;0;0;0;0;0;1;1;m;<15;8;german
582;0;0;0;0;0;0;0;0;1;0;1;1;0;1;1;m;<15;7;other
583;0;0;0;1;1;1;1;0;1;1;1;1;1;1;1;m;>15;7;german
584;0;0;0;0;0;0;0;0;0;1;0;1;0;1;1;w;<15;7;german
585;0;0;0;0;0;0;0;0;1;0;0;0;0;1;1;m;>15;8;other
586;0;0;0;0;0;0;1;1;0;0;1;1;1;1;1;m;<15;5;german
587;1;1;1;1;1;1;1;1;1;1;1;1;1;1;1;w;<15;5;german
588;0;0;0;1;1;0;1;1;1;1;1;1;1;1;1;w;>15;5;other
589;0;0;0;0;1;0;1;0;1;1;1;1;1;1;1;m;<15;7;german
590;1;0;1;0;1;1;1;0;1;1;1;1;1;1;1;m;<15;8;german
591;0;1;0;0;1;1;0;1;0;1;1;1;1;1;1;w;<15;5;german
592;0;0;0;1;0;0;0;0;0;0;0;1;1;1;1;w;<15;8;other
593;0;0;0;0;0;0;0;0;0;1;0;0;0;0;1;w;>15;8;other
594;0;0;0;0;0;0;0;0;1;1;0;1;1;1;1;w;<15;8;other
595;0;0;1;0;1;1;0;0;1;0;0;0;1;0;1;w;>15;5;other
596;0;0;0;0;1;0;0;0;1;0;1;1;1;1;1;w;<15;8;german
597;0;0;0;0;1;1;1;1;1;1;1;0;1;1;1;w;<15;7;other
598;0;0;0;0;0;1;0;1;0;0;1;1;1;1;1;w;>15;8;other
599;0;0;0;0;0;1;1;1;1;1;1;1;1;1;1;m;>15;5;german
600;0;0;0;0;0;1;1;0;1;1;1;1;1;1;1;w;<15;5;german
601;0;0;0;0;0;0;0;0;1;0;0;1;0;1;1;m;>15;5;german
602;0;0;0;0;0;1;1;1;1;1;0;1;1;1;1;w;<15;5;german
603;0;0;0;0;1;0;1;1;0;1;1;1;1;1;1;w;>15;5;other
604;0;0;1;0;0;0;0;1;1;0;1;1;1;1;1;w;>15;8;german
605;0;0;0;0;0;0;0;0;0;0;1;0;1;1;1;w;>15;5;german
606;0;0;0;0;0;0;0;0;1;0;1;1;0;1;1;w;>15;7;german
607;0;0;1;1;1;0;1;0;1;1;1;1;0;1;1;m;>15;7;other
608;0;0;0;1;0;0;0;1;1;1;1;1;1;1;1;m;<15;5;german
609;0;0;0;0;0;0;0;0;0;0;1;1;1;1;1;m;<15;5;german
610;0;1;1;1;1;1;0;0;1;1;1;1;1;1;1;m;<15;5;german
611;0;0;0;1;0;0;1;0;1;1;1;1;1;1;1;w;<15;8;german
612;0;0;1;0;0;1;0;0;1;1;0;1;1;1;1;m;<15;5;german
613;0;0;0;0;0;0;0;1;0;1;1;0;1;1;0;w;>15;8;other
614;0;0;0;0;1;1;0;0;0;1;1;1;1;1;1;m;>15;5;other
615;1;1;0;1;1;1;1;1;1;1;1;1;1;1;1;m;<15;7;german
616;0;0;0;0;0;0;0;1;1;0;1;0;1;1;1;m;<15;8;german
617;0;1;0;1;0;0;1;1;1;1;1;0;1;1;1;m;>15;5;german
618;0;0;1;0;0;0;0;1;1;1;0;1;1;1;1;w;>15;8;other
619;0;0;0;0;0;1;1;1;1;1;1;1;1;0;1;m;<15;5;german
620;0;0;0;1;1;0;1;1;1;1;1;1;1;1;1;m;>15;5;other
621;1;0;1;0;0;0;0;0;1;1;0;1;1;1;1;w;>15;8;other
622;0;0;0;0;0;0;0;0;0;0;0;0;1;1;1;m;>15;7;german
623;0;0;0;0;0;0;0;1;0;1;1;1;1;1;1;m;<15;7;other
624;0;0;0;0;0;0;0;0;0;1;0;1;0;0;1;w;<15;8;other
625;0;0;0;0;0;0;1;0;0;1;0;0;1;1;1;w;>15;7;other
626;0;0;0;0;0;0;0;0;1;0;0;0;1;1;1;m;>15;5;other
627;0;0;1;1;0;0;0;1;1;1;1;1;1;1;1;m;<15;8;other
628;0;0;1;1;0;1;0;1;1;1;1;1;1;1;1;w;>15;8;german
629;0;0;0;0;1;0;0;0;0;0;1;1;0;1;1;w;<15;7;other
630;0;0;1;1;1;1;1;1;1;1;1;1;1;1;1;m;<15;7;other
631;0;0;0;0;0;0;0;0;0;0;0;0;0;0;0;m;>15;5;german
632;0;0;0;0;0;1;0;1;0;1;1;1;1;1;1;m;<15;7;german
633;0;0;0;1;0;0;1;1;1;1;1;1;1;1;1;m;<15;7;german
634;0;0;0;0;0;0;0;0;0;0;1;0;0;1;1;w;>15;7;german
635;0;0;0;0;0;0;0;1;1;0;1;1;1;1;1;w;<15;8;german
636;0;0;0;1;1;0;1;1;1;1;1;1;1;1;1;m;<15;5;other
637;0;0;0;0;1;0;1;0;1;1;0;1;1;1;1;m;<15;5;german
638;0;0;0;1;0;0;1;0;1;0;1;1;1;1;1;m;>15;5;other
639;0;0;0;0;0;0;0;0;0;0;0;0;0;1;1;m;<15;5;other
640;0;0;0;0;0;0;0;0;0;0;0;0;1;1;0;m;>15;5;other
641;0;0;0;1;0;0;0;1;0;1;1;1;1;1;1;m;>15;7;german
642;0;0;0;0;0;0;0;1;0;0;1;1;1;1;1;w;<15;8;other
643;0;0;0;1;0;0;1;1;1;0;0;1;1;1;1;w;<15;5;other
644;1;0;0;0;0;0;0;0;1;1;1;1;1;1;1;m;>15;5;other
645;0;0;0;0;0;0;0;0;1;1;1;1;1;1;1;m;<15;5;german
646;0;0;0;0;0;1;0;1;1;1;1;1;1;1;1;m;<15;5;german
647;0;0;0;0;1;0;0;1;0;0;1;0;0;1;1;w;<15;8;german
648;0;0;0;1;0;0;1;0;0;1;1;0;1;1;1;m;<15;8;other
649;0;0;0;0;1;1;0;1;1;1;1;0;1;0;1;w;>15;7;german
650;0;1;0;1;0;1;1;1;0;1;1;1;1;1;1;m;>15;7;german
651;0;0;0;0;0;0;0;0;0;0;0;0;0;0;0;w;<15;7;german
652;0;0;0;0;0;0;0;0;1;1;1;0;1;1;1;w;>15;8;other
653;0;0;0;0;0;0;0;0;0;0;1;0;0;0;1;w;<15;8;german
654;0;1;0;1;1;1;1;0;1;1;1;0;1;1;1;w;<15;5;german
655;0;0;0;0;0;0;0;1;0;1;1;1;1;1;0;w;<15;8;other
656;0;0;0;0;0;1;1;0;1;1;1;1;1;1;1;w;<15;5;other
657;0;0;0;0;0;0;0;0;0;1;0;1;0;0;0;w;>15;7;german
658;0;1;1;1;0;1;0;1;1;0;1;1;1;1;1;w;>15;8;german
659;0;0;1;0;0;1;0;0;0;0;1;1;1;1;1;w;<15;8;other
660;0;0;0;0;0;0;0;0;0;0;1;0;1;1;1;w;<15;8;german
661;0;0;0;0;0;0;0;0;0;0;0;0;1;0;1;w;<15;7;german
662;0;0;0;0;1;0;0;0;0;1;1;1;0;1;0;w;<15;8;german
663;0;0;0;0;0;0;0;1;0;1;1;0;0;1;1;w;>15;5;other
664;0;0;0;0;0;0;0;0;1;1;1;0;1;0;1;w;<15;7;other
665;0;0;0;0;0;0;0;0;0;1;0;1;1;1;1;m;<15;5;german
666;0;1;1;0;0;1;1;1;1;1;1;1;1;1;1;w;<15;8;german
667;0;0;0;0;0;0;0;0;0;1;1;1;1;1;1;m;<15;7;german
668;0;0;0;0;0;0;0;0;1;0;0;1;1;1;1;m;>15;8;german
669;0;0;0;0;0;1;0;0;0;0;0;1;1;1;1;m;>15;8;other
670;0;0;0;0;0;0;0;0;0;0;1;1;1;1;1;w;<15;8;other
671;0;0;0;0;0;0;0;0;1;0;1;0;1;0;1;m;<15;7;other
672;0;0;0;0;1;1;1;1;0;1;1;1;1;1;1;m;>15;8;other
673;1;0;0;0;0;1;0;1;0;1;1;1;1;1;1;m;>15;7;other
674;0;0;0;0;1;0;0;1;1;0;1;1;1;1;1;w;>15;7;other
675;0;0;0;0;1;1;1;0;0;0;1;1;0;1;1;w;<15;8;other
676;0;0;0;0;0;0;0;0;1;0;1;1;1;0;1;m;>15;5;other
677;0;1;1;1;0;1;1;1;1;1;1;1;1;1;1;m;>15;8;other
678;1;1;1;1;1;1;1;1;1;1;1;1;1;1;1;w;>15;5;other
679;1;0;1;1;1;1;1;1;1;1;1;1;1;1;1;w;>15;7;german
680;0;0;1;0;1;1;1;1;1;1;1;1;1;1;1;w;<15;7;other
681;1;0;0;0;0;0;0;0;1;1;1;0;1;1;1;w;<15;8;other
682;0;0;0;0;0;0;0;1;0;0;1;1;1;1;1;m;<15;7;other
683;0;0;0;1;0;0;1;1;0;1;1;1;1;0;1;m;<15;7;german
684;1;1;1;0;0;1;1;1;1;0;1;1;1;1;1;w;<15;8;german
685;0;0;0;0;0;0;0;0;0;1;1;1;1;1;1;w;<15;8;other
686;0;0;0;0;0;0;0;0;0;0;0;0;1;1;1;w;>15;7;other
687;0;0;0;0;0;0;0;1;1;0;1;1;0;1;1;m;<15;7;other
688;0;0;0;1;0;0;0;1;1;1;1;0;1;1;1;w;>15;5;other
689;0;1;1;1;1;1;1;1;1;1;1;1;1;1;1;w;<15;5;other
690;0;0;0;0;0;0;0;0;1;0;1;0;0;1;1;w;<15;8;german
691;0;0;0;0;0;0;0;0;0;0;0;0;1;0;1;m;<15;7;german
692;0;0;0;0;0;0;0;0;0;0;0;1;1;1;1;w;>15;5;other
693;0;0;0;0;0;0;0;0;0;0;1;1;1;0;0;m;<15;5;german
694;0;1;1;0;1;0;0;0;1;1;1;1;1;1;1;w;>15;5;german
695;0;0;1;0;1;1;0;1;0;1;0;1;1;1;1;m;<15;7;german
696;0;0;1;0;0;0;0;1;1;0;1;1;1;0;1;w;<15;7;other
697;1;0;0;0;0;0;1;1;1;1;1;1;1;1;1;w;<15;7;german
698;0;0;0;1;0;1;0;1;1;1;1;1;1;1;1;w;>15;5;other
699;0;0;0;1;0;0;0;1;0;1;1;1;1;0;1;w;>15;8;german
700;0;1;1;1;1;1;1;0;1;1;1;1;1;1;1;w;<15;8;other
701;0;0;0;0;0;0;0;0;0;0;0;1;0;1;1;w;>15;7;german
702;0;0;0;0;0;0;0;1;0;1;1;1;1;1;1;w;<15;7;german
703;0;0;0;0;1;1;1;1;0;0;1;1;1;1;1;w;<15;8;german
704;0;0;1;0;1;1;1;1;0;1;1;1;1;1;1;m;<15;5;german
705;0;0;0;0;0;1;0;0;1;0;1;1;0;1;1;w;<15;5;german
706;1;0;1;0;1;1;1;1;0;1;1;1;1;1;1;m;>15;8;other
707;0;0;0;1;1;0;0;0;0;1;1;1;1;1;1;m;>15;5;other
708;0;0;1;0;1;1;1;1;1;1;1;1;0;1;1;w;<15;8;german
709;0;0;0;0;0;0;0;1;0;1;1;0;1;0;1;w;<15;5;other
710;0;1;0;1;1;1;1;1;1;0;1;1;1;1;1;m;<15;8;german
711;0;1;0;1;1;1;1;1;1;1;1;1;1;1;1;w;<15;8;german
712;1;1;1;1;1;1;1;1;1;0;1;1;1;1;1;w;<15;7;german
713;0;0;0;0;1;0;0;0;1;0;1;0;1;1;1;w;>15;8;german
714;1;1;1;1;1;0;1;0;1;1;1;1;1;1;1;w;>15;5;other
715;1;0;0;1;1;0;1;0;1;1;1;1;1;1;1;w;<15;7;other
716;0;0;1;0;0;0;1;0;1;1;1;0;1;1;1;w;<15;8;german
717;0;0;0;0;0;1;1;1;1;1;1;1;1;1;1;m;>15;7;other
718;0;0;0;0;0;0;0;0;0;1;0;1;0;1;1;w;>15;5;other
719;0;1;1;0;1;1;0;1;1;1;1;1;1;1;1;w;>15;8;german
720;0;0;0;0;0;1;0;0;0;0;1;1;1;1;1;w;>15;5;other
721;0;0;0;0;0;0;0;0;0;1;1;0;1;1;1;w;<15;5;german
722;0;0;0;1;0;0;0;0;0;0;0;0;0;0;1;w;>15;8;other
723;0;0;0;0;0;1;0;1;1;1;1;1;1;1;1;m;>15;5;other
724;0;1;0;0;0;1;1;0;1;1;1;1;1;1;1;w;<15;7;other
725;0;0;0;0;0;0;0;0;0;1;0;1;1;1;1;w;<15;8;other
726;0;0;1;0;1;1;0;1;1;1;1;1;1;1;1;m;>15;5;german
727;0;0;0;0;0;0;0;0;0;1;1;1;1;1;1;m;<15;8;german
728;0;0;0;0;0;0;0;0;0;0;1;0;0;0;1;w;<15;7;german
729;1;1;0;0;0;0;0;0;1;1;1;0;1;1;1;w;>15;5;german
730;0;1;1;0;0;1;1;1;1;1;1;1;1;1;1;m;>15;5;german
731;0;0;0;1;0;1;1;0;1;1;1;1;1;1;1;m;>15;7;german
732;0;0;0;0;0;0;0;0;0;1;0;0;1;1;1;m;<15;8;german
733;0;0;0;1;0;0;0;0;1;1;1;1;1;1;1;w;>15;7;german
734;0;0;0;0;0;0;1;1;1;0;1;0;1;1;1;w;>15;7;german
735;0;0;0;0;0;0;0;1;1;1;1;1;1;0;1;w;>15;5;german
736;0;0;0;0;0;0;0;0;0;1;0;0;1;1;1;m;>15;8;german
737;0;0;0;0;0;0;1;0;0;0;0;1;1;0;1;m;<15;8;other
738;1;0;1;1;1;1;1;1;1;1;1;1;1;1;1;w;<15;7;other
739;0;0;1;1;0;1;1;1;1;1;1;1;1;1;1;m;>15;7;german
740;0;0;0;1;0;1;0;1;1;1;1;0;1;1;1;w;<15;8;german
741;0;0;0;0;0;0;0;1;1;1;1;1;1;1;1;w;<15;7;german
742;0;0;0;1;1;1;1;1;1;1;1;1;1;1;1;w;<15;5;other
743;0;0;0;0;0;0;0;0;0;0;0;0;1;1;1;m;<15;8;other
744;0;0;0;0;0;0;1;0;0;0;1;1;0;1;1;w;>15;7;other
745;0;1;1;0;1;1;1;1;1;1;1;1;1;1;1;m;>15;8;other
746;0;0;1;0;1;0;1;0;1;1;1;1;1;1;1;m;<15;5;other
747;0;0;0;1;1;0;0;1;1;1;1;1;1;1;1;m;>15;5;other
748;0;1;0;1;0;0;0;1;1;0;1;1;1;1;1;w;<15;8;german
749;0;0;0;0;0;0;0;1;0;0;0;1;1;1;1;m;>15;5;other
750;0;0;0;0;0;0;0;0;0;0;1;0;0;0;1;w;>15;7;other
751;0;0;0;0;0;0;0;1;0;1;0;1;1;1;1;w;<15;5;german
752;0;1;0;1;1;1;1;1;1;1;1;1;1;1;1;m;>15;7;other
753;0;0;0;0;0;1;1;1;0;0;0;0;1;1;1;w;<15;7;other
754;0;0;0;0;0;0;0;0;0;0;0;1;0;1;0;w;<15;8;german
755;0;0;0;0;0;0;0;0;0;0;0;0;1;1;1;m;>15;5;german
756;0;0;0;0;0;0;0;0;0;0;0;1;1;1;1;w;>15;5;german
757;0;0;0;0;1;1;0;1;1;1;1;1;1;1;1;m;<15;7;other
758;1;0;0;0;1;0;1;1;1;1;1;1;1;1;1;m;<15;8;other
759;1;1;1;1;1;1;1;1;1;1;1;1;1;1;1;m;<15;5;german
760;0;0;0;1;1;1;0;1;1;0;0;1;1;1;1;m;>15;5;german
761;0;0;0;0;0;0;0;0;0;0;0;0;1;0;1;m;<15;8;other
762;1;1;1;1;1;1;1;1;1;1;1;1;1;1;1;w;<15;5;german
763;0;1;1;1;1;1;0;1;0;1;1;1;1;1;1;m;<15;7;german
764;0;0;1;0;1;1;0;0;0;1;1;1;1;1;1;m;<15;8;other
765;0;0;0;0;1;0;0;1;1;1;1;1;1;1;1;m;>15;5;german
766;0;0;0;0;0;0;1;0;0;1;1;1;1;1;0;w;<15;5;german
767;0;0;1;1;1;1;1;1;1;1;1;1;1;1;1;w;>15;5;other
768;0;0;0;0;0;1;1;0;0;1;1;1;1;1;1;w;>15;7;other
769;0;0;0;0;0;0;1;1;1;1;1;0;1;1;1;m;<15;5;german
770;0;0;0;0;0;1;1;1;1;1;1;1;1;1;1;w;<15;7;other
771;0;0;0;0;0;0;0;0;0;0;0;1;1;1;1;w;>15;7;german
772;0;0;0;1;1;0;0;0;0;1;0;1;1;1;1;m;<15;7;german
773;0;0;1;0;0;0;0;1;0;1;1;1;1;1;1;w;<15;5;german
774;0;0;1;0;0;1;1;1;1;1;1;1;1;1;1;m;<15;5;other
775;0;0;0;0;0;1;0;1;0;1;1;1;1;0;1;w;<15;7;german
776;1;0;0;0;0;0;1;0;0;1;1;0;1;0;1;m;>15;5;german
777;0;0;0;0;0;0;0;1;0;1;1;0;0;1;1;m;<15;7;other
778;0;0;0;0;1;0;0;0;1;0;0;0;0;0;1;w;<15;8;other
779;1;1;0;1;0;1;1;1;1;1;1;1;1;1;1;w;>15;8;other
780;0;0;0;0;0;0;0;1;0;1;1;0;1;1;1;w;<15;5;german
781;0;0;0;0;0;0;0;0;1;1;0;0;1;0;0;m;<15;8;german
782;0;0;0;1;0;0;1;1;1;0;1;1;1;0;0;w;>15;5;german
783;0;0;0;0;0;0;0;0;0;0;0;0;0;0;0;m;>15;5;german
784;0;1;1;0;0;0;0;1;1;1;1;1;1;1;1;m;<15;7;other
785;0;0;0;0;0;0;0;0;0;1;0;1;0;0;0;w;>15;8;german
786;0;0;0;0;0;0;0;0;0;1;0;1;1;1;1;m;>15;8;other
787;0;1;0;0;1;0;0;1;1;1;1;1;1;1;1;m;<15;7;german
788;0;0;0;0;0;0;0;0;0;0;0;0;1;1;1;w;>15;7;other
789;1;0;0;0;1;1;1;1;1;1;1;1;1;1;1;w;>15;8;other
790;0;0;0;0;0;1;1;0;1;1;0;1;1;0;1;m;>15;7;other
791;0;0;0;1;1;1;1;1;0;1;0;1;1;1;1;w;>15;7;german
792;0;0;0;0;0;1;1;0;1;1;1;1;1;1;1;w;>15;7;german
793;0;0;0;0;0;1;0;0;0;1;0;1;1;1;1;m;>15;8;german
794;0;0;0;0;0;0;0;0;0;0;1;1;1;0;1;w;<15;5;other
795;1;1;0;1;1;0;1;1;1;1;1;1;1;1;1;m;<15;5;german
796;0;0;0;0;0;0;0;0;0;0;1;1;1;1;1;m;>15;5;other
797;0;0;0;0;0;0;1;1;0;1;1;1;1;1;1;w;<15;5;german
798;0;0;0;0;0;0;0;1;1;0;0;1;1;1;1;m;>15;7;other
799;1;0;0;1;1;0;1;1;1;1;1;1;1;1;1;w;<15;8;other
800;0;0;0;0;0;1;1;0;0;1;1;1;1;1;1;w;<15;7;other
801;0;0;0;0;0;1;1;0;1;1;0;1;1;1;1;w;<15;7;german
802;0;0;0;0;0;0;1;0;0;0;1;1;1;1;1;w;>15;7;german
803;0;0;0;0;0;0;0;0;0;0;0;0;0;0;1;m;>15;7;other
804;0;0;0;0;0;0;0;0;0;1;1;1;1;1;1;w;<15;8;other
805;0;0;0;0;0;0;1;1;1;1;1;1;1;1;1;m;<15;8;german
806;0;0;0;0;0;0;0;0;1;1;0;1;1;1;1;w;<15;8;other
807;0;0;0;0;0;0;1;1;0;0;1;1;1;1;1;w;>15;8;german
808;1;1;1;1;1;1;1;1;1;1;1;1;1;1;1;m;<15;7;german
809;0;0;0;0;0;1;0;0;1;0;1;0;1;1;1;w;<15;7;german
810;0;0;0;0;0;0;1;1;1;0;1;1;1;1;1;m;>15;7;other
811;1;0;1;1;1;1;1;1;1;1;1;1;1;1;1;w;<15;8;other
812;0;0;1;0;0;0;1;1;0;1;1;0;1;1;1;w;>15;7;other
813;0;0;0;0;0;0;0;1;0;1;0;1;1;1;1;w;>15;8;other
814;0;0;0;0;0;0;0;1;0;0;0;0;0;1;1;w;>15;7;other
815;0;0;0;0;1;1;1;1;0;0;1;1;1;1;1;w;>15;5;other
816;0;0;0;0;0;1;1;0;1;1;0;1;1;1;1;m;>15;5;other
817;0;1;0;0;0;0;1;0;1;0;1;1;1;1;1;w;>15;7;german
818;0;0;0;0;0;1;1;1;0;0;1;1;1;1;1;w;>15;5;other
819;0;0;0;0;0;0;1;0;1;1;1;1;1;1;1;m;>15;8;german
820;0;0;0;0;0;0;0;1;0;1;0;0;1;0;1;w;>15;5;german
821;0;0;0;0;0;0;0;0;0;0;1;1;1;1;1;m;>15;8;other
822;1;1;1;1;1;1;0;1;1;1;1;1;1;1;1;w;<15;5;other
823;0;0;0;0;0;0;0;0;0;0;0;1;0;0;1;w;<15;5;german
824;0;0;0;1;0;1;1;0;1;0;0;1;1;1;1;w;>15;7;german
825;0;0;0;0;0;0;1;1;0;0;1;1;1;1;1;m;<15;5;other
826;0;0;0;0;0;1;1;0;0;1;1;1;1;1;1;m;<15;5;other
827;0;0;0;0;0;1;0;1;0;1;1;1;1;1;1;m;<15;7;german
828;0;0;0;0;0;0;0;0;0;0;0;0;0;1;0;m;<15;8;other
829;0;0;0;0;0;0;0;0;0;0;1;1;0;0;1;w;>15;7;other
830;0;1;1;1;0;1;1;1;0;0;1;1;1;1;1;m;>15;5;german
831;0;0;0;1;1;1;0;1;1;1;1;0;1;1;1;m;<15;7;other
832;0;0;0;0;0;1;0;1;0;1;1;0;1;1;1;m;>15;7;other
833;0;0;0;0;0;0;0;0;1;0;0;1;1;0;0;w;>15;8;german
834;0;0;0;0;0;0;0;0;0;1;0;1;1;1;1;m;<15;5;german
835;0;0;0;0;0;0;0;1;1;1;1;1;1;1;1;m;>15;7;other
836;0;0;0;0;0;0;0;0;0;0;0;1;1;1;0;m;<15;7;german
837;1;1;1;1;1;0;1;1;1;1;1;1;1;1;1;m;>15;5;other
838;0;0;0;0;0;0;0;1;0;1;0;1;1;1;1;m;<15;8;other
839;0;0;0;0;0;0;0;1;1;0;1;1;1;1;1;w;>15;7;other
840;1;0;0;0;1;0;0;0;0;1;0;1;0;1;1;m;<15;7;other
841;0;0;0;0;0;0;0;0;0;0;1;1;1;1;1;m;<15;5;other
842;0;0;0;1;0;0;0;0;1;0;0;0;1;0;1;w;<15;8;german
843;0;0;1;1;0;0;0;0;0;1;1;1;1;1;1;m;<15;8;other
844;0;0;0;0;0;0;1;0;0;0;1;0;1;1;0;m;>15;8;german
845;0;0;0;0;1;0;1;0;0;0;1;1;1;1;1;m;<15;8;other
846;0;1;1;0;1;1;1;1;1;1;1;1;1;1;1;w;>15;7;german
847;0;0;0;0;0;0;0;1;0;0;1;1;1;1;1;w;<15;5;german
848;1;1;0;1;0;1;0;0;1;1;1;1;1;1;1;m;>15;7;german
849;1;1;0;0;1;1;1;0;1;1;1;1;1;1;1;w;>15;5;other
850;0;0;0;1;1;0;0;0;1;1;1;1;1;1;1;w;<15;5;other
851;0;0;0;0;0;1;0;0;0;0;1;0;0;0;1;m;>15;7;other
852;0;0;0;0;0;0;0;0;0;0;0;0;0;0;0;m;<15;5;german
853;0;0;0;0;0;1;0;1;0;1;1;1;1;1;1;w;>15;7;other
854;0;0;0;1;1;0;1;0;1;0;1;1;0;1;1;w;>15;5;other
855;0;0;0;1;1;1;1;1;1;0;1;1;1;1;1;w;<15;7;german
856;0;0;0;0;1;0;1;1;0;0;0;0;1;1;1;m;<15;7;other
857;0;0;0;0;0;0;0;0;1;1;1;1;1;1;1;m;<15;7;other
858;0;0;0;0;0;0;1;0;0;1;1;1;1;0;1;m;<15;7;german
859;0;0;0;0;1;1;0;0;1;1;0;1;1;1;1;m;<15;7;german
860;0;0;0;0;0;0;0;1;0;1;1;0;1;1;1;m;<15;5;other
861;0;0;1;0;0;0;0;0;0;0;1;0;0;1;0;w;>15;8;german
862;0;0;0;0;0;0;0;0;0;0;1;1;1;0;1;m;<15;7;other
863;1;1;1;0;1;1;1;1;1;1;1;0;1;1;1;m;<15;8;german
864;1;0;1;0;1;1;1;1;0;1;1;1;1;1;1;m;>15;7;other
865;0;0;0;0;0;0;0;0;0;0;1;1;0;1;1;m;<15;5;german
866;0;0;0;1;1;0;0;1;0;1;1;1;1;1;1;m;>15;8;other
867;0;0;1;1;1;1;1;1;1;1;1;1;1;1;1;w;<15;8;other
868;0;0;0;0;0;0;0;0;0;1;0;0;0;1;0;w;>15;8;german
869;0;0;0;0;1;0;0;0;0;1;1;1;1;1;1;w;<15;7;other
870;1;0;0;0;0;1;1;1;1;0;1;1;1;1;1;w;<15;7;other
871;0;0;0;0;0;0;1;1;1;1;1;1;1;1;1;w;<15;7;other
872;0;0;0;0;0;0;0;0;1;1;0;0;1;1;0;m;<15;5;german
873;0;0;0;0;0;0;0;1;1;0;1;1;1;1;1;w;<15;7;other
874;0;0;0;0;0;1;0;0;0;0;1;1;1;1;1;w;>15;5;other
875;0;1;0;1;1;1;1;0;1;1;1;1;1;1;1;w;>15;7;other
876;1;0;0;1;1;1;1;1;1;1;1;1;1;1;1;w;<15;8;german
877;0;0;1;1;1;1;1;1;1;1;1;0;1;1;1;m;>15;5;german
878;1;1;1;0;1;1;1;0;1;0;1;1;1;1;1;m;>15;8;other
879;0;0;0;0;0;1;0;0;0;0;0;1;1;1;1;w;>15;7;other
880;0;1;0;1;0;0;0;0;1;1;1;1;1;1;1;w;<15;7;other
881;0;0;0;0;0;0;1;1;1;1;1;1;1;1;1;w;>15;7;german
882;0;0;0;0;1;0;0;1;0;1;1;1;1;1;1;m;>15;7;german
883;0;1;1;0;0;1;0;1;1;1;1;1;1;1;1;w;>15;8;other
884;0;0;0;0;0;1;0;0;1;1;1;1;1;1;1;m;<15;8;german
885;0;0;0;0;0;0;0;0;0;0;1;1;1;1;1;m;>15;8;german
886;0;0;0;0;0;0;1;0;1;0;1;1;0;1;1;m;>15;8;german
887;1;0;1;1;1;1;1;1;1;1;1;1;1;1;1;w;<15;5;other
888;0;0;1;1;0;0;0;0;1;1;0;1;1;1;1;w;>15;7;german
889;0;0;0;0;0;0;1;0;0;0;0;0;1;1;1;w;>15;7;other
890;0;0;1;0;0;1;1;1;1;1;1;1;1;1;1;m;<15;8;other
891;0;0;0;0;0;0;0;1;0;0;0;0;1;1;1;m;>15;7;other
892;0;0;0;1;0;0;0;0;1;1;1;0;1;1;1;w;<15;8;german
893;0;0;0;0;0;0;0;1;1;1;1;1;1;1;1;m;>15;7;german
894;0;0;0;0;1;0;1;1;0;1;1;1;1;1;1;w;<15;7;german
895;0;0;0;0;0;1;0;1;1;0;0;1;0;0;1;w;<15;8;other
896;0;0;0;1;0;0;1;1;1;0;1;1;1;1;1;w;<15;7;german
897;1;1;1;1;1;1;1;1;1;1;1;1;1;1;1;m;>15;8;other
898;0;0;0;0;1;1;1;1;1;1;1;1;1;1;1;m;>15;8;other
899;0;0;0;1;0;1;1;0;1;1;1;1;1;1;1;m;<15;8;german
900;0;0;0;0;0;1;0;0;1;0;1;1;1;1;1;w;<15;7;other
901;0;0;1;0;1;0;0;0;0;1;1;1;1;1;1;m;>15;5;other
902;0;0;0;0;0;0;1;0;1;0;1;1;0;1;1;m;<15;7;german
903;1;1;1;1;1;1;1;1;1;1;1;1;1;1;1;w;<15;7;other
904;0;0;0;0;0;0;0;0;1;0;0;1;0;1;1;m;<15;8;other
905;0;0;0;0;0;0;0;1;1;0;0;1;1;1;1;w;<15;7;german
906;0;0;1;1;1;1;1;1;1;1;1;1;1;1;1;w;<15;7;german
907;0;0;0;0;0;0;0;0;1;0;0;0;0;1;1;m;>15;5;german
908;0;0;1;1;0;1;1;1;1;0;1;1;1;1;1;w;>15;7;other
909;0;0;1;1;1;1;1;1;1;1;1;1;1;1;1;w;>15;8;german
910;0;1;1;1;0;1;1;1;0;1;1;1;1;1;1;w;<15;5;other
911;0;0;0;0;0;0;0;0;0;0;1;1;0;1;1;m;>15;5;german
912;0;1;0;0;0;1;1;0;0;1;1;1;1;1;0;w;>15;8;german
913;0;0;0;0;0;1;1;1;1;1;1;1;1;0;0;m;<15;8;other
914;0;0;0;0;1;0;0;0;0;1;1;1;1;1;1;m;>15;8;other
915;0;0;1;0;0;0;1;0;0;1;1;1;1;0;1;m;<15;7;german
916;0;0;0;0;0;1;1;1;0;1;0;1;1;1;1;m;>15;7;german
917;0;0;0;0;0;0;0;0;0;0;0;0;1;0;1;w;>15;8;german
918;0;0;0;0;0;0;0;0;1;1;0;0;1;1;1;w;>15;5;other
919;0;0;1;1;1;0;1;1;1;1;1;1;1;1;1;w;>15;7;other
920;0;0;0;0;0;0;0;0;0;0;1;1;1;1;1;m;<15;8;german
921;0;0;0;1;1;1;0;0;1;1;0;0;0;0;1;w;>15;5;german
922;0;0;0;1;0;1;0;0;1;1;1;1;0;0;1;m;>15;8;other
923;0;0;0;0;0;1;1;0;1;1;0;0;1;1;1;w;<15;8;german
924;0;1;1;1;1;0;1;1;1;1;1;1;1;1;1;w;<15;8;other
925;0;0;1;0;1;0;1;1;1;1;0;0;1;1;1;w;>15;8;other
926;0;0;0;0;0;0;0;0;0;0;1;1;1;1;1;w;<15;8;german
927;0;0;1;0;0;1;0;0;1;1;1;1;1;1;1;w;<15;8;german
928;0;0;0;0;0;0;0;0;1;1;0;1;0;1;1;m;>15;8;other
929;0;0;0;0;0;0;0;1;0;1;1;1;1;1;1;m;<15;7;german
930;0;0;1;1;1;0;1;1;1;1;1;1;1;1;1;w;>15;5;german
931;0;0;0;1;0;0;0;0;1;0;1;1;0;1;1;m;<15;5;german
932;1;1;1;0;1;0;0;1;1;1;1;1;1;1;1;m;>15;5;other
933;0;0;0;0;0;0;0;0;1;1;1;1;1;1;1;w;<15;5;german
934;0;0;0;1;1;1;0;0;1;1;1;1;1;1;1;w;<15;5;german
935;0;0;1;0;0;0;1;1;1;1;1;1;1;1;1;w;>15;8;other
936;0;1;0;0;1;1;0;0;1;1;1;0;1;1;1;m;<15;5;german
937;0;0;0;0;0;0;1;0;0;0;0;1;1;1;0;w;<15;8;other
938;0;0;0;0;0;0;0;0;1;1;1;0;0;1;1;w;<15;5;other
939;0;0;1;0;1;0;1;1;1;1;1;1;1;1;1;m;>15;8;german
940;0;0;0;0;0;0;0;1;1;1;0;1;1;1;1;w;<15;8;other
941;0;0;0;0;0;0;0;1;0;0;0;0;1;1;1;w;>15;8;german
942;0;0;0;1;0;0;0;0;0;1;1;1;1;1;1;m;<15;8;other
943;0;0;1;0;1;1;1;1;0;1;1;1;1;1;1;w;>15;5;german
944;0;0;0;0;1;1;0;0;0;0;1;1;1;0;1;m;<15;5;german
945;0;0;0;0;0;0;0;0;1;0;1;1;0;1;1;m;>15;5;other
946;0;1;1;1;1;1;1;0;1;1;1;1;1;1;1;w;>15;8;german
947;0;0;0;0;0;0;1;1;1;1;1;1;1;1;1;m;>15;7;german
948;0;0;1;1;1;1;1;1;1;1;1;1;0;1;1;m;<15;8;german
949;0;0;0;0;0;0;0;0;0;0;0;1;1;1;1;m;<15;7;german
950;0;0;0;0;0;0;1;1;0;0;0;1;0;1;1;m;>15;8;german
951;0;0;0;0;0;0;1;0;0;0;1;1;1;1;1;w;<15;8;german
952;0;0;0;0;0;1;0;0;1;1;1;1;1;1;1;m;<15;5;german
953;0;0;0;0;0;1;1;1;1;1;1;1;1;1;1;w;<15;7;other
954;0;0;0;1;1;0;1;1;1;1;1;1;1;1;1;m;<15;5;other
955;0;1;0;0;0;0;1;0;1;1;1;1;1;1;0;m;>15;8;other
956;0;0;0;0;0;0;0;1;0;0;1;1;0;1;1;w;>15;8;german
957;0;0;0;0;0;1;1;0;1;1;1;1;1;1;1;m;>15;8;german
958;0;1;0;0;1;1;1;1;1;1;1;1;1;1;0;m;>15;8;german
959;0;1;0;0;0;0;1;1;1;1;1;1;1;1;1;w;>15;5;german
960;0;1;1;1;1;1;1;1;1;1;1;1;1;1;1;w;<15;8;german
961;0;0;0;1;1;1;0;1;1;1;1;1;1;1;1;w;>15;7;other
962;0;0;1;1;0;0;1;1;1;1;1;1;1;1;1;w;<15;7;other
963;0;0;0;0;0;0;0;1;0;1;1;1;1;1;1;m;>15;7;other
964;0;0;0;0;0;0;0;0;0;0;1;1;0;1;0;w;>15;8;german
965;0;1;0;0;0;0;0;0;0;1;0;1;1;1;0;m;<15;8;german
966;0;0;0;0;0;0;0;1;1;0;1;1;1;1;1;w;>15;7;other
967;0;1;0;0;0;0;1;0;1;1;1;1;0;1;1;m;<15;8;german
968;0;0;0;0;0;0;0;0;0;0;1;0;0;0;1;w;>15;8;german
969;0;0;0;0;0;0;0;0;0;0;0;0;1;1;1;m;<15;7;german
970;0;0;0;0;0;1;0;0;1;0;1;1;1;1;1;m;>15;8;german
971;0;0;0;0;1;1;1;1;1;1;1;1;0;1;1;w;>15;8;other
972;0;0;0;0;0;0;1;0;0;1;1;0;1;0;1;w;<15;5;german
973;0;0;0;0;0;0;0;0;1;0;1;0;1;0;1;w;<15;8;other
974;0;0;1;1;1;0;1;1;1;1;1;1;1;1;1;w;<15;8;other
975;1;1;1;0;0;1;1;1;1;1;1;1;1;1;1;w;<15;5;other
976;1;1;1;1;1;1;1;1;1;1;1;1;1;1;1;m;<15;5;other
977;0;0;0;0;0;0;0;0;0;0;0;0;0;0;0;m;<15;8;german
978;0;0;1;0;0;0;0;0;0;0;0;1;1;1;1;m;<15;8;german
979;0;0;0;0;0;1;1;0;1;1;1;1;1;1;0;w;<15;8;german
980;0;0;0;1;0;0;1;0;0;0;1;0;0;0;0;w;>15;8;other
981;0;0;0;0;0;0;0;0;0;0;0;1;0;1;0;w;<15;8;other
982;0;1;0;1;1;1;1;0;1;1;1;1;1;1;1;m;<15;8;german
983;0;0;0;0;0;0;0;0;1;0;0;0;1;1;0;w;>15;8;other
984;0;0;0;0;0;1;0;0;0;1;0;1;1;1;1;w;<15;5;german
985;0;0;0;1;0;0;0;0;0;0;1;1;1;0;1;w;>15;5;other
986;0;0;0;0;0;0;0;0;0;0;0;1;0;1;1;w;>15;5;other
987;0;1;0;0;1;1;1;1;1;1;1;1;1;1;1;m;<15;8;other
988;0;0;0;0;0;0;0;1;1;1;0;1;0;0;1;m;<15;7;other
989;0;0;0;0;0;0;1;0;1;1;1;1;1;1;1;m;<15;7;german
990;0;0;0;0;0;0;0;0;0;0;0;1;0;0;1;m;<15;7;other
991;0;0;0;0;0;1;0;0;1;0;0;1;1;0;1;m;<15;5;other
992;1;0;1;1;1;1;1;1;1;1;1;1;1;1;1;m;<15;5;other
993;0;0;0;0;0;1;0;0;1;0;1;1;1;1;1;w;<15;8;german
994;0;0;0;0;0;0;0;0;0;0;0;0;0;0;1;w;<15;5;german
995;0;0;0;0;0;0;0;0;0;1;1;0;0;1;0;w;>15;8;german
996;0;0;0;0;0;1;0;0;1;0;1;1;1;1;1;m;>15;5;german
997;0;0;0;1;0;0;0;0;0;0;0;0;1;1;1;m;>15;5;german
998;0;0;0;1;0;1;0;1;0;1;1;1;1;1;1;m;<15;7;other
999;0;1;0;1;1;0;1;1;1;1;1;1;1;1;1;w;<15;7;other
1000;0;0;0;0;0;0;1;0;1;1;1;1;1;1;1;w;>15;8;german
